COLLEGES IN CONGRESSIONAL DISTRICT 49,,,,,,,,,,,,
Institution,Type,Address,City,District,Enrollment,Quad/Gathering Area,Campus Size,Voter Drive Suitability,Accessibility,Phone,Founded,Notes
MiraCosta College - Oceanside Campus,Community College,"1 Barnard Drive, Oceanside, CA 92056",Oceanside,CA-49,10500+ per semester,"Student Center with bookstore, Kruglak Art Gallery, cafeteria, and student activities offices",121-acre hilltop campus,Excellent - high foot traffic central area,"Highway 78, NCTD buses, Sprinter train",(760) 757-2121,1964,"Panoramic ocean and mountain views, full spectrum of classes"
MiraCosta College - San Elijo Campus,Community College,"3333 Manchester Avenue, Cardiff, CA 92007",Cardiff,CA-49,4000 students,"Expanded Student Center with bookstore, cafeteria, Student Services Office",42 acres facing San Elijo Lagoon,Good - central Student Center gathering space,Interstate 5 at Manchester Avenue exit,(760) 944-4449,1988,General education credit programs and community services classes
,,,,,,,,,,,,
COLLEGES NEAR CONGRESSIONAL DISTRICT 49,,,,,,,,,,,,
Institution,Type,Address,City,District,Enrollment,Quad/Gathering Area,Campus Size,Voter Drive Suitability,Accessibility,Phone,Founded,Notes
California State University San Marcos,4-Year University,"333 South Twin Oaks Valley Road, San Marcos, CA 92096",San Marcos,CA-50,15431 undergraduates (Fall 2024),"University Student Union (USU) with food court, gathering spaces, panoramic valley views; The Quad housing complex with central courtyard",304 acres,Excellent - multiple gathering areas including USU and residential quad,Sprinter hybrid rail service station on campus,(760) 750-4000,1989,"21st campus in CSU system, offers 43 bachelor's and 24 master's programs"
Saddleback College,Community College,"28000 Marguerite Parkway, Mission Viejo, CA 92692",Mission Viejo,CA-40,25000 students,Campus has central gathering areas and student common spaces,Large campus with athletic facilities,Good - central campus areas,"I-5 freeway, Avery Parkway exit; OCTA bus routes 85, 91",(949) 582-4500,1968,Largest member of South Orange County Community College District
Palomar College,Community College,"1140 W. Mission Road, San Marcos, CA 92069",San Marcos,CA-50,30000 full-time and part-time students,Central campus quad and student gathering areas,200+ acres,Excellent - large central campus areas,30 miles north of downtown San Diego,(760) 744-1150,1946,Over 200 associate degrees and certificate programs
University of California San Diego,4-Year University,"9500 Gilman Drive, La Jolla, CA 92093",La Jolla,CA-50,42000+ students,"Multiple college quads, Price Center, Library Walk, and various campus gathering spaces",1976 acres,Excellent - multiple large gathering areas across campus,"UC San Diego Blue Line trolley, multiple bus routes",(858) 534-2230,1960,Leading public research university with college system
,,,,,,,,,,,,
OTHER EDUCATIONAL FACILITIES IN CA-49,,,,,,,,,,,,
Facility,Type,Address,City,District,Notes,,,,,,,
MiraCosta Community Learning Center,Noncredit Programs,"1831 Mission Avenue, Oceanside, CA 92058",Oceanside,CA-49,"Downtown facility for noncredit courses, limited gathering space",,,,,,,
Technology Career Institute,Workforce Development,"Carlsbad, CA",Carlsbad,CA-49,"Fee-based classes, houses North San Diego Small Business Development Center",,,,,,,